CREATE DATABASE  IF NOT EXISTS `carsh` /*!40100 DEFAULT CHARACTER SET utf8mb4 COLLATE utf8mb4_0900_ai_ci */ /*!80016 DEFAULT ENCRYPTION='N' */;
USE `carsh`;
-- MySQL dump 10.13  Distrib 8.0.36, for Win64 (x86_64)
--
-- Host: 127.0.0.1    Database: carsh
-- ------------------------------------------------------
-- Server version	8.4.0

/*!40101 SET @OLD_CHARACTER_SET_CLIENT=@@CHARACTER_SET_CLIENT */;
/*!40101 SET @OLD_CHARACTER_SET_RESULTS=@@CHARACTER_SET_RESULTS */;
/*!40101 SET @OLD_COLLATION_CONNECTION=@@COLLATION_CONNECTION */;
/*!50503 SET NAMES utf8 */;
/*!40103 SET @OLD_TIME_ZONE=@@TIME_ZONE */;
/*!40103 SET TIME_ZONE='+00:00' */;
/*!40014 SET @OLD_UNIQUE_CHECKS=@@UNIQUE_CHECKS, UNIQUE_CHECKS=0 */;
/*!40014 SET @OLD_FOREIGN_KEY_CHECKS=@@FOREIGN_KEY_CHECKS, FOREIGN_KEY_CHECKS=0 */;
/*!40101 SET @OLD_SQL_MODE=@@SQL_MODE, SQL_MODE='NO_AUTO_VALUE_ON_ZERO' */;
/*!40111 SET @OLD_SQL_NOTES=@@SQL_NOTES, SQL_NOTES=0 */;

--
-- Table structure for table `categories`
--

DROP TABLE IF EXISTS `categories`;
/*!40101 SET @saved_cs_client     = @@character_set_client */;
/*!50503 SET character_set_client = utf8mb4 */;
CREATE TABLE `categories` (
  `name` varchar(60) NOT NULL,
  `id` varchar(60) NOT NULL,
  PRIMARY KEY (`id`)
) ENGINE=InnoDB DEFAULT CHARSET=utf8mb4 COLLATE=utf8mb4_0900_ai_ci;
/*!40101 SET character_set_client = @saved_cs_client */;

--
-- Dumping data for table `categories`
--

LOCK TABLES `categories` WRITE;
/*!40000 ALTER TABLE `categories` DISABLE KEYS */;
INSERT INTO `categories` VALUES ('Estate','0054d437-54a3-4327-aa12-37129e2b7ffe'),('Trailer','09f0fa43-9a73-4dd9-b48a-dd5edd2f85ed'),('Luxury','130d96fb-db1d-43bb-8da8-0106efefde89'),('4x4','16caba21-11b1-43fb-a709-9d42e3c88539'),('Convertible','2afd96e3-fe09-4ab9-84af-712be5f47921'),('Truck','3d2379d2-613c-48e0-9725-9672bd6cb974'),('Manual','49d572fe-4436-454e-afdf-b611f9f006ba'),('SUV','61f7b7c8-ae84-492a-9539-447aea0ab72d'),('Mini SUV','6670a2f6-7af5-4c88-ae2a-5b91a13da275'),('Tourer','71f2877e-9091-4e96-a69e-502071eef23f'),('Hatchback','7d651926-c178-4614-a0df-d5a6c472ddb4'),('Executive','862fc2c8-94df-4d71-8a63-ecf91c2fe9d0'),('Small','8b06f42b-f440-4d60-b964-205be22e1de2'),('Sports','9f17bfa8-aa44-41aa-b08f-3c6101302502'),('GT','a76e6c05-4801-47f8-b6a4-55f5ee53f46c'),('HyperCar','c4a691b2-f6f5-4474-a143-176d68dc428d'),('7-Seater','ddf7f394-c0df-4c63-85b6-f99f5bd8edd0'),('Automatic','e2b7c830-fc6f-4d1a-93a2-0531d3d36fea'),('Sedan','e9e81084-b7ee-47fa-80e5-0055142d2170'),('Coupe','ee6895c9-7a41-4ad7-840a-4436198d811a');
/*!40000 ALTER TABLE `categories` ENABLE KEYS */;
UNLOCK TABLES;

--
-- Table structure for table `fuel_types`
--

DROP TABLE IF EXISTS `fuel_types`;
/*!40101 SET @saved_cs_client     = @@character_set_client */;
/*!50503 SET character_set_client = utf8mb4 */;
CREATE TABLE `fuel_types` (
  `name` varchar(60) NOT NULL,
  `id` varchar(60) NOT NULL,
  PRIMARY KEY (`id`)
) ENGINE=InnoDB DEFAULT CHARSET=utf8mb4 COLLATE=utf8mb4_0900_ai_ci;
/*!40101 SET character_set_client = @saved_cs_client */;

--
-- Dumping data for table `fuel_types`
--

LOCK TABLES `fuel_types` WRITE;
/*!40000 ALTER TABLE `fuel_types` DISABLE KEYS */;
INSERT INTO `fuel_types` VALUES ('Electric','1a5029c9-a78c-4f4b-89f1-82d909887884'),('Diesel','61954266-c515-4a93-95de-246a1fdcc1f9'),('Petrol','abd6727c-5148-4c7c-8252-40c404059633'),('Hybrid','dca5082a-155f-4c08-a596-2b64978ce9c3');
/*!40000 ALTER TABLE `fuel_types` ENABLE KEYS */;
UNLOCK TABLES;

--
-- Table structure for table `manufacturers`
--

DROP TABLE IF EXISTS `manufacturers`;
/*!40101 SET @saved_cs_client     = @@character_set_client */;
/*!50503 SET character_set_client = utf8mb4 */;
CREATE TABLE `manufacturers` (
  `name` varchar(60) NOT NULL,
  `id` varchar(60) NOT NULL,
  PRIMARY KEY (`id`)
) ENGINE=InnoDB DEFAULT CHARSET=utf8mb4 COLLATE=utf8mb4_0900_ai_ci;
/*!40101 SET character_set_client = @saved_cs_client */;

--
-- Dumping data for table `manufacturers`
--

LOCK TABLES `manufacturers` WRITE;
/*!40000 ALTER TABLE `manufacturers` DISABLE KEYS */;
INSERT INTO `manufacturers` VALUES ('Hummer','010d5f31-6e72-4aa3-ad13-868da489c6df'),('Alpine','0228e5aa-4f2b-4aac-a849-8b458865cc5d'),('BMW','06cdf0c5-38bc-4141-a35e-c43468c64c33'),('McLaren','170a484c-4334-4fe0-bcdb-a5f6e9d9acd7'),('Daihatsu','191398bf-5c72-4ff4-99db-8633411c86cf'),('Volkswagen','207cae9e-04b6-467c-a67c-afbf0a36ca5e'),('Dodge','236038c0-fdd2-439c-922e-ff8d444372dd'),('Jaguar','2555c3bf-a907-4b86-922d-879c153dd066'),('Bugatti','263da4b3-915a-4f83-9842-4f13aab93cfe'),('Lamborghini','295f9df9-ad37-4281-91ed-23fc5337fc65'),('Subaru','2c5383e2-cc12-495f-b628-3cc69fe29705'),('Mazda','2ecabc0c-f13a-4f12-b2de-14574c621ff8'),('Volvo','318d11d5-5edd-48f3-bec8-6549a519bdc7'),('Maybach','34ad8cea-789a-474a-a130-2ed416c6f9ae'),('Chrysler','38a6401d-dc1f-4dd2-a2ae-8d936258b10f'),('Rolls-Royce','417ef885-bf81-4fa8-9476-001acb8f9fe2'),('Fiat','4648fe8b-1ea6-4ed2-815b-6939a0a8ac26'),('Toyota','4658e5d3-23de-415a-bd4d-322055f4356b'),('BYD','49632c36-bc09-4623-88e1-878b80116959'),('Mitsubishi','600d2e33-e7f6-4fe1-a02a-bd27dd89df0c'),('Tesla','6b06e9e4-6b96-4c64-8d7d-427d3edac5dc'),('Peugeot','6e6ea26c-9d93-4aa5-b165-15ba4893bc8c'),('Honda','6f382e6f-f61a-4dab-9744-8b999977d474'),('Ford','78cebced-ea7b-40a8-97c8-146167781c8d'),('Mahindra','8025b290-e969-43fe-898b-ce017b78eb1b'),('Audi','81552096-6bb9-4340-96cd-c1f58ecd334e'),('Lexus','824d8774-2135-4dff-9428-5e9869df3d80'),('Buick','833f33ca-f838-43e0-82b3-5b083077a833'),('Datsun','851f3eae-161c-4774-ac36-def273695aa6'),('Mercedes-Benz','8c0d273e-0af0-447f-8ea9-55d5f172d470'),('Isuzu','8e724d9b-436d-4388-8a0c-53b44ea9deac'),('Alfa Romeo','92340e42-e581-4c14-a036-6a8e6cc6ea67'),('Bentley','982ef209-f1fb-4f5b-b309-b4f701756df3'),('Dacia','99f9452d-3882-4628-a575-cc916ec19a11'),('Kia','a0c4b90d-6429-45b7-be70-50fcff9436b5'),('Land Rover','ab2b7b65-ca73-4446-8a14-1f80a5dc1b2c'),('Fisker','abff192f-2384-4b1a-b469-9f02929ed799'),('Volvo','b1adf4c9-62d3-4f92-ab1d-9405903f8d4e'),('Abarth','b2ca342f-9267-438f-bf7b-861bf87f4c64'),('Renault','bc6c2a42-3900-43b9-a979-8687fe2f2f99'),('Cardillac','c2500499-5071-4fba-87e3-0eb484a2a69a'),('','c6ec4180-2e37-4528-920e-15d8e7b2efeb'),('Porsche','c81ab052-d667-4cff-ba3e-be2d426410e9'),('Citroen','cb414c4e-9b60-4557-b6b9-0e0b8aeaeae6'),('Hyundai','cccda686-b390-4ec7-8336-c7139aa86bf6'),('Mercedes-AMG','cf363e1d-9486-44ff-a74c-0b9c50351c4c'),('Cupra','d023c111-1320-4cf1-8514-548665b72e49'),('Rover','d48a9700-6fd3-4b33-b8ad-814a8d464f32'),('Chevrolet','da4c8c93-8bf9-43f3-85ae-5497b8001af5'),('Aston Martin','dea30080-e827-454c-9b44-23fbd9f796ea'),('Suzuki','e8448c00-d9f9-46c1-8fbd-311cb96d93a1'),('Jeep','ec0507d9-b96f-4381-92ac-0c8478ea1955'),('Nissan','f5999f1e-f01e-46b5-903c-5827827353c5'),('DS','f6902c94-5e6e-4605-b648-093958c7a05f');
/*!40000 ALTER TABLE `manufacturers` ENABLE KEYS */;
UNLOCK TABLES;

--
-- Table structure for table `models`
--

DROP TABLE IF EXISTS `models`;
/*!40101 SET @saved_cs_client     = @@character_set_client */;
/*!50503 SET character_set_client = utf8mb4 */;
CREATE TABLE `models` (
  `name` varchar(60) NOT NULL,
  `base_price` double NOT NULL,
  `ignition` varchar(60) NOT NULL,
  `engine_capacity` int DEFAULT NULL,
  `category_id` varchar(60) NOT NULL,
  `fuel_type_id` varchar(60) NOT NULL,
  `manufacturer_id` varchar(60) NOT NULL,
  `id` varchar(60) NOT NULL,
  `year` int DEFAULT NULL,
  `0-60` double DEFAULT NULL,
  `img_path` varchar(45) NOT NULL,
  `description` varchar(1024) DEFAULT NULL,
  `manufacturer_name` varchar(60) DEFAULT NULL,
  PRIMARY KEY (`id`),
  KEY `category_id` (`category_id`),
  KEY `fuel_type_id` (`fuel_type_id`),
  KEY `manufacturer_id` (`manufacturer_id`),
  CONSTRAINT `models_ibfk_1` FOREIGN KEY (`category_id`) REFERENCES `categories` (`id`),
  CONSTRAINT `models_ibfk_2` FOREIGN KEY (`fuel_type_id`) REFERENCES `fuel_types` (`id`),
  CONSTRAINT `models_ibfk_3` FOREIGN KEY (`manufacturer_id`) REFERENCES `manufacturers` (`id`)
) ENGINE=InnoDB DEFAULT CHARSET=utf8mb4 COLLATE=utf8mb4_0900_ai_ci;
/*!40101 SET character_set_client = @saved_cs_client */;

--
-- Dumping data for table `models`
--

LOCK TABLES `models` WRITE;
/*!40000 ALTER TABLE `models` DISABLE KEYS */;
INSERT INTO `models` VALUES ('BMW Z3',7148,'coil-on-plug',1795,'130d96fb-db1d-43bb-8da8-0106efefde89','abd6727c-5148-4c7c-8252-40c404059633','06cdf0c5-38bc-4141-a35e-c43468c64c33','0afc012f-f95b-454f-bbc0-9fa4ac1d7c03',1995,5.6,'../static/images/bmw_z3.jpg','The BMW Z3 is a compact two-seater sports car that was produced from 1995 to 2002. It was BMW\'s first mass-produced roadster and gained widespread popularity, in part due to its appearance in the James Bond film \"GoldenEye.\" The Z3 features a classic long-hood, short-deck design and was available with a variety of inline-four and inline-six engines, offering a blend of sporty performance and open-air driving pleasure.','BMW'),('BMW XM',178239,'coil-on-plug',4395,'61f7b7c8-ae84-492a-9539-447aea0ab72d','dca5082a-155f-4c08-a596-2b64978ce9c3','06cdf0c5-38bc-4141-a35e-c43468c64c33','11f8f7d9-9f8a-4950-91f2-a6dbf0b2e37a',2025,4.1,'../static/images/bmw_xm.jpg','The BMW XM is a luxury plug-in hybrid SUV that combines a 4.4-liter V8 engine with an electric motor, delivering a total output of 644 horsepower. It offers a spacious interior, advanced technology features, and the performance expected from BMW\'s M division. The XM represents BMW\'s commitment to blending high performance with electrification in the SUV segment.','BMW'),('Aston Martin Rapide',172760,'coil-on-plug',5935,'130d96fb-db1d-43bb-8da8-0106efefde89','abd6727c-5148-4c7c-8252-40c404059633','dea30080-e827-454c-9b44-23fbd9f796ea','13f62e68-b5fd-40b1-9fcd-b95c624685ef',2020,4.2,'../static/images/aston_martin_rapide.jpg','The Aston Martin Rapide is a high-performance luxury sedan designed to combine the elegance of a grand tourer with the practicality of a four-door car. It is powered by a naturally aspirated 5.9-liter V12 engine producing up to 580 horsepower in the high-performance Rapide AMR variant. The interior features hand-crafted materials, luxurious seating for four, and an advanced infotainment system. The Rapide maintains Aston Martin’s signature styling while delivering an engaging driving experience.','Aston Martin'),('Aston Martin DBX',173270,'coil-on-plug',3982,'130d96fb-db1d-43bb-8da8-0106efefde89','abd6727c-5148-4c7c-8252-40c404059633','dea30080-e827-454c-9b44-23fbd9f796ea','175938bd-93e5-4df3-b984-3d8005f462c8',2025,3.1,'../static/images/aston_martin_dbx.jpg','The Aston Martin DBX is the brand\'s inaugural luxury SUV, blending performance with versatility. It is powered by a 4.0-liter twin-turbocharged V8 engine producing 697 horsepower and 663 lb-ft of torque, enabling a 0-60 mph acceleration in approximately 3.1 seconds. The DBX offers a spacious interior with seating for five, advanced technology features, and a cargo capacity of 24.5 cubic feet. Its design reflects Aston Martin\'s signature elegance, making it a standout in the luxury SUV market.','Aston Martin'),('Aston Martin Vanquish',333663,'coil-on-plug',5204,'130d96fb-db1d-43bb-8da8-0106efefde89','abd6727c-5148-4c7c-8252-40c404059633','dea30080-e827-454c-9b44-23fbd9f796ea','1795a4c6-b6c1-4322-9fac-fdf559123c36',2025,3.3,'../static/images/aston_martin_vanquish.jpg','The Aston Martin Vanquish is a grand tourer that combines luxury with high performance. It is powered by a 5.2-liter twin-turbocharged V12 engine producing 835 PS (approximately 824 horsepower) and 1000 Nm of torque, allowing it to accelerate from 0 to 62 mph in 3.3 seconds and reach a top speed of 214 mph (345 km/h). The Vanquish features a commanding and sophisticated design, with a front mid-mounted engine driving the rear wheels. The interior is crafted with high-quality materials, offering a blend of elegance and advanced technology. \n','Aston Martin'),('Bentley Bentayga',168967,'coil-on-plug',3996,'61f7b7c8-ae84-492a-9539-447aea0ab72d','abd6727c-5148-4c7c-8252-40c404059633','982ef209-f1fb-4f5b-b309-b4f701756df3','24cebc76-95f2-41e8-aaf9-194376e8681d',2015,4.5,'../static/images/bentley_bentayga.jpg',' The Bentley Bentayga is a luxury SUV that combines exceptional performance with unparalleled craftsmanship. Introduced in 2015, it offers a range of powertrains, including a 4.0-liter V8 petrol engine producing 542 horsepower, a 6.0-liter W12 petrol engine, and a 3.0-liter hybrid option. The V8 variant accelerates from 0 to 60 mph in approximately 4.5 seconds. The Bentayga\'s interior features exquisite materials and advanced technology, providing a comfortable and sophisticated driving experience. Its exterior design exudes presence and elegance, making it a standout in the luxury SUV segment. ​','Bentley'),('Aston Martin Vantage',160872,'coil-on-plug',3982,'130d96fb-db1d-43bb-8da8-0106efefde89','abd6727c-5148-4c7c-8252-40c404059633','dea30080-e827-454c-9b44-23fbd9f796ea','26907120-e29b-4775-bd4f-41ae1f67bff2',2025,3.4,'../static/images/aston_martin_vantage.jpg',' The Aston Martin Vantage is a high-performance sports car that seamlessly blends luxury with exhilarating driving dynamics. Equipped with a 4.0-liter twin-turbocharged V8 engine producing 665 horsepower and 590 lb-ft of torque, the Vantage accelerates from 0 to 60 mph in approximately 3.4 seconds and reaches a top speed of 202 mph. Its design features aggressive styling cues, a wider rear track, and aerodynamic enhancements. Inside, the Vantage offers a driver-focused cockpit with premium materials, advanced infotainment systems, and customizable options to suit individual preferences. This model continues Aston Martin\'s legacy of crafting vehicles that deliver both luxury and performance. \n','Aston Martin'),('BMW Z4',48468,'coil-on-plug',1998,'130d96fb-db1d-43bb-8da8-0106efefde89','dca5082a-155f-4c08-a596-2b64978ce9c3','06cdf0c5-38bc-4141-a35e-c43468c64c33','2cd89895-a555-4b8b-a072-38490ad746b7',2025,5.2,'../static/images/bmw_z4.jpg',' The BMW Z4 is a two-seat roadster that combines classic sports car aesthetics with modern performance and technology. The 2025 model features a retractable soft top, a choice of turbocharged engines, and a driver-focused interior, offering an exhilarating open-air driving experience.','BMW'),('Bentley Mulsanne',185182,'coil-on-plug',6752,'e9e81084-b7ee-47fa-80e5-0055142d2170','abd6727c-5148-4c7c-8252-40c404059633','982ef209-f1fb-4f5b-b309-b4f701756df3','2fc1f288-a1da-433d-b452-35409df66699',2010,5.1,'../static/images/bentley_mulsanne.jpg','The Bentley Mulsanne is a luxury sedan that epitomizes British elegance and performance. Produced between 2010 and 2020, it was powered by a 6.75-liter twin-turbocharged V8 engine, delivering 505 horsepower and 752 lb-ft of torque in the standard model. The Mulsanne Speed variant offered enhanced performance with 530 horsepower and 811 lb-ft of torque, achieving a 0-60 mph time of approximately 4.9 seconds. ','Bentley'),('BMW 2-Series',35752,'coil-on-plug',1998,'ee6895c9-7a41-4ad7-840a-4436198d811a','abd6727c-5148-4c7c-8252-40c404059633','06cdf0c5-38bc-4141-a35e-c43468c64c33','37384584-41b8-4776-9bd2-72b767955ea2',2024,5.5,'../static/images/bmw_2_series.jpg','The BMW 2 Series is a compact luxury vehicle offering both coupe and gran coupe (sedan) body styles. Renowned for its dynamic performance, precise handling, and upscale interior, the 2 Series blends sporty aesthetics with advanced technology. The 2024 model continues BMW\'s tradition of delivering an engaging driving experience in a stylish and compact package.​','BMW'),('BYD Seal',44690,'electric motor',0,'e9e81084-b7ee-47fa-80e5-0055142d2170','1a5029c9-a78c-4f4b-89f1-82d909887884','49632c36-bc09-4623-88e1-878b80116959','3745bfe0-f6be-498f-a577-cd59f40f73a3',2022,3.8,'../static/images/byd_seal.jpg','The BYD Seal is a sleek electric sedan built on BYD\'s e-Platform 3.0, designed exclusively for pure electric vehicles. It offers both rear-wheel-drive and all-wheel-drive configurations, with power outputs ranging from 150 kW to 390 kW. Equipped with BYD\'s Blade Battery technology, the Seal provides a range of up to 570 km (approximately 354 miles) on the WLTP cycle. Notable features include a 15.6-inch rotating touchscreen display, a head-up display, and Vehicle-to-Load (V2L) functionality, allowing the car to power external devices. The Seal has received accolades for its performance and value, including being awarded the 2025 Drive Car of the Year for Best Electric Vehicle under $50K','BYD'),('Cadillac SRX',26814,'coil-on-plug',3000,'61f7b7c8-ae84-492a-9539-447aea0ab72d','abd6727c-5148-4c7c-8252-40c404059633','c2500499-5071-4fba-87e3-0eb484a2a69a','398a011e-c458-4137-90a4-b1080be05d46',2004,7.4,'../static/images/cadillac_srx.jpg','The Cadillac SRX is a luxury mid-size crossover SUV that combined high-end comfort with practicality. It was available with V6 and V8 engine options, featuring premium materials, advanced technology, and an optional all-wheel-drive system for enhanced performance.\n\n\n\n\n\n\n','Cadillac'),('Audi A5',26819,'coil-on-plug',1984,'862fc2c8-94df-4d71-8a63-ecf91c2fe9d0','abd6727c-5148-4c7c-8252-40c404059633','81552096-6bb9-4340-96cd-c1f58ecd334e','3f776a34-f89d-4931-ae6c-56f10437d80a',2007,5.3,'../static/images/audi_a5.jpg','The Audi A5 is a luxury sports coupe (available as a coupe, Sportback, or convertible) that blends dynamic performance with refined design and advanced technology. It features a turbocharged engine, a driver-focused interior, and Audi’s signature styling cues.','Audi'),('Abarth 500',17581,'coil-on-plug',1368,'7d651926-c178-4614-a0df-d5a6c472ddb4','abd6727c-5148-4c7c-8252-40c404059633','b2ca342f-9267-438f-bf7b-861bf87f4c64','40a177f1-31d6-4add-8dad-28c1f3761ba9',2008,6.7,'../static/images/abarth_500.jpg','The Abarth 500 is a high-performance variant of the iconic Fiat 500, designed for enthusiasts seeking a spirited driving experience. Equipped with a turbocharged 1.4-liter engine producing around 135 horsepower, it features sport-tuned suspension, aggressive styling cues, and a compact, lightweight design, making it agile and responsive on both city streets and winding roads.','Abarth'),('Cadillac XLR',23839,'coil-on-plug',4565,'130d96fb-db1d-43bb-8da8-0106efefde89','abd6727c-5148-4c7c-8252-40c404059633','c2500499-5071-4fba-87e3-0eb484a2a69a','45e0cc11-8396-4dff-be75-d21e4aabb70f',2004,4.6,'../static/images/cadillax_xlr.jpg',' The Cadillac XLR is a luxury roadster that was produced from 2004 to 2009. It featured a power retractable hardtop, a design inspired by the 1999 Evoq concept, and was built on the Y-platform shared with the Chevrolet Corvette. The standard XLR was equipped with a 4.6L Northstar V8 engine producing 320 horsepower, while the high-performance XLR-V variant boasted a supercharged 4.4L Northstar V8 engine delivering 443 horsepower. Notable features included adaptive suspension, a head-up display, and a luxurious interior designed by Bulgari.','Cadillac'),('Audi A4',11856,'coil-on-type',1984,'130d96fb-db1d-43bb-8da8-0106efefde89','abd6727c-5148-4c7c-8252-40c404059633','81552096-6bb9-4340-96cd-c1f58ecd334e','4b813792-c5af-4489-b122-f1b09c09374e',2024,5.2,'../static/images/audi_a4.jpg','The Audi A4 is a compact executive car that has been in production since 1994, offering a blend of performance, luxury, and advanced technology. The 2024 model features a 2.0-liter turbocharged four-cylinder engine, available in two power outputs: the A4 40 TFSI with 201 horsepower and the A4 45 TFSI with 261 horsepower. The A4 45 TFSI variant accelerates from 0 to 60 mph in approximately 5.2 seconds. The interior boasts high-quality materials, a user-friendly infotainment system, and advanced driver-assistance features. Its exterior design showcases Audi\'s signature styling, combining elegance with a sporty demeanor. ','Audi'),('Bentley Flying Spur',196610,'coil-on-plug',3996,'130d96fb-db1d-43bb-8da8-0106efefde89','abd6727c-5148-4c7c-8252-40c404059633','982ef209-f1fb-4f5b-b309-b4f701756df3','4dfc8fb0-0b8b-4a58-b38c-d05f7a32216e',2005,3.3,'../static/images/bentley_flying_spur.jpg','The Bentley Flying Spur is a luxury sedan that seamlessly blends performance with opulence. Since its introduction in 2005, it has evolved through multiple generations, each enhancing its engineering and design. ','Bentley'),('Cadillac CTS',25085.43,'coil-on-plug',1998,'e9e81084-b7ee-47fa-80e5-0055142d2170','abd6727c-5148-4c7c-8252-40c404059633','c2500499-5071-4fba-87e3-0eb484a2a69a','5f81cd15-31fd-4351-9127-36029d4c4ef2',2003,3.7,'../static/images/cadillac_cts.jpg','The Cadillac CTS was a mid-size luxury sedan known for its balance of performance and comfort. It offered various engine options, including a high-performance CTS-V variant with a supercharged 6.2L V8 producing 640 hp. Available in sedan, coupe, and wagon body styles, the CTS featured advanced technology and premium materials.','Cadillac'),('Abarth 124 Spider',32779.48,'coil-on-plug',1368,'9f17bfa8-aa44-41aa-b08f-3c6101302502','abd6727c-5148-4c7c-8252-40c404059633','b2ca342f-9267-438f-bf7b-861bf87f4c64','61e82a12-8976-4df7-9d9e-b7da4e94a9c4',2016,6.3,'../static/images/abarth_124_spider.jpg','The Abarth 124 Spider is a performance-focused roadster that blends Italian design with dynamic driving characteristics. It features a 1.4-liter turbocharged engine producing 170 horsepower, a near 50:50 weight distribution, and a low center of gravity, offering an engaging and responsive driving experience.','Abarth'),('Abarth Grande Punto',14899.76,'coil-on-plug',1368,'7d651926-c178-4614-a0df-d5a6c472ddb4','abd6727c-5148-4c7c-8252-40c404059633','b2ca342f-9267-438f-bf7b-861bf87f4c64','6370a398-bbe6-466a-9448-35a58433cf9a',2007,7.8,'../static/images/abarth_grande_punto.jpg','The Abarth Grande Punto is a performance-oriented hatchback based on the Fiat Grande Punto, enhanced by Abarth for a sportier driving experience. It features a turbocharged 1.4-liter engine producing around 155 horsepower, sport-tuned suspension, and distinctive Abarth styling cues, offering a dynamic yet practical ride.','Abarth'),('Alfa Romeo Brera',20857.87,'coil-on-plug',1742,'ee6895c9-7a41-4ad7-840a-4436198d811a','abd6727c-5148-4c7c-8252-40c404059633','92340e42-e581-4c14-a036-6a8e6cc6ea67','650c9590-71a4-48f9-abf9-a9a5c102db1e',2005,6.8,'../static/images/alfa_romeo_brera.jpg','The Alfa Romeo Brera is a stylish Italian sports coupe produced between 2005 and 2010. Renowned for its sleek design and engaging driving dynamics, the Brera offered various engine options, including a 3.2-liter V6 producing 260 horsepower. Its distinctive styling and performance have made it a notable model among car enthusiasts.','Alfa Romeo'),('Alfa Romeo 156',10726.9,'coil-on-plug',1598,'e9e81084-b7ee-47fa-80e5-0055142d2170','abd6727c-5148-4c7c-8252-40c404059633','92340e42-e581-4c14-a036-6a8e6cc6ea67','68192993-6546-48f1-9470-34d06ca5f627',1997,6.3,'../static/images/alfa_romeo_156.jpg','The Alfa Romeo 156 is a compact executive car produced by the Italian automaker Alfa Romeo from 1997 to 2007. Renowned for its distinctive styling and engaging driving dynamics, the 156 was available in various trims, including the high-performance 156 GTA equipped with a 3.2-liter V6 engine producing 250 horsepower. The 156\'s design and performance have made it a notable model among enthusiasts.','Alfa Romeo'),('BYD Dolphin',44696.55,'electric motor',0,'7d651926-c178-4614-a0df-d5a6c472ddb4','1a5029c9-a78c-4f4b-89f1-82d909887884','49632c36-bc09-4623-88e1-878b80116959','6a5d9888-553a-4187-b888-09986b8d6ac8',2021,7,'../static/images/byd_dolphin.jpg','The BYD Dolphin is a compact electric hatchback featuring a permanent magnet synchronous motor with a power output of 150 kW (204 hp). It offers a 60.48 kWh Blade LFP battery, providing a WLTP range of approximately 427 km (265 miles). The vehicle supports AC charging up to 11 kW and DC fast charging up to 88 kW, allowing for a 30% to 80% charge in just 30 minutes. Designed with a modern aesthetic and equipped with advanced features, the Dolphin has received positive reviews for its practicality and performance.','BYD'),('Audi A2',5959.54,'coil-on-plug',1390,'7d651926-c178-4614-a0df-d5a6c472ddb4','abd6727c-5148-4c7c-8252-40c404059633','81552096-6bb9-4340-96cd-c1f58ecd334e','7067b99b-3973-4c78-b05b-716a6b0c86da',2005,10.9,'../static/images/audi_a2.jpg','The Audi A2 is a compact MPV that was produced from 1999 to 2005. It was notable for its innovative design, featuring an aluminum space frame that contributed to its lightweight structure and improved fuel efficiency. The A2 was available with various engine options, including a 1.4L petrol engine producing 75 horsepower, and a 1.4L TDI diesel engine. Its compact dimensions, combined with a spacious interior, made it a practical choice for urban driving. Despite its short production run, the A2 is still appreciated for its advanced engineering and unique design. ','Audi'),('Audi A6',19785.67,'coil-on-plug',1984,'862fc2c8-94df-4d71-8a63-ecf91c2fe9d0','abd6727c-5148-4c7c-8252-40c404059633','81552096-6bb9-4340-96cd-c1f58ecd334e','7305f8c0-64a4-4dc4-9b5f-b07869f8d2bf',2024,5.1,'../static/images/audi_a6.jpg','The Audi A6 is a mid-size luxury sedan that combines performance, advanced technology, and sophisticated design. The 2024 model offers various powertrains, including the 55 TFSI quattro variant, which features a 3.0-liter turbocharged V6 engine producing 335 horsepower and 369 lb-ft of torque, enabling a 0-60 mph acceleration in approximately 5.1 seconds. The A6\'s interior boasts high-quality materials, a dual touchscreen infotainment system, and advanced driver-assistance features. Its exterior design reflects Audi\'s sleek and modern styling, making it a compelling choice in the luxury sedan segment. ​','Audi'),('Alfa Romeo Giulietta',17879.05,'coil-on-plug',1368,'7d651926-c178-4614-a0df-d5a6c472ddb4','abd6727c-5148-4c7c-8252-40c404059633','92340e42-e581-4c14-a036-6a8e6cc6ea67','75198380-05b0-4263-b9a3-7a725ea93a90',2016,6,'../static/images/alfa_romeo_giulietta.jpg',' The Alfa Romeo Giulietta is a compact hatchback that combines Italian design with agile performance. The high-performance Quadrifoglio Verde (QV) variant features a turbocharged 1.75-liter inline-four engine producing 240 horsepower, delivering spirited acceleration and handling. The Giulietta\'s interior offers a blend of sportiness and comfort, with advanced technology and premium materials.','Alfa Romeo'),('BYD Seal U',39396.49,'electric motor',0,'61f7b7c8-ae84-492a-9539-447aea0ab72d','1a5029c9-a78c-4f4b-89f1-82d909887884','49632c36-bc09-4623-88e1-878b80116959','7613e7bc-4687-4e2d-80fa-dd00bd3ba0b6',2024,8.5,'..static/images/byd_seal_u.jpg','The BYD Seal U is a plug-in hybrid SUV featuring a 1.5L inline-4 gasoline engine paired with an electric motor, delivering a combined output of 218 horsepower. It offers an electric-only range of up to 80 km (approximately 50 miles) and supports DC fast charging. The vehicle is equipped with advanced noise, vibration, and harshness (NVH) technology for a quiet cabin experience and features a high-quality audio system with ambient lighting. The Seal U has been recognized as a finalist for the 2024 PRISA Motor Awards\' Car of the Year.','BYD'),('Bugatti Chiron',2383873.62,'coil-on-plug',7993,'c4a691b2-f6f5-4474-a143-176d68dc428d','abd6727c-5148-4c7c-8252-40c404059633','263da4b3-915a-4f83-9842-4f13aab93cfe','775cd773-54a8-4781-acd6-7186f67e151c',2016,2.4,'../static/images/bugatti_chiron.jpg','The Bugatti Chiron is a high-performance hypercar with a quad-turbocharged 8.0L W16 engine producing 1,479 hp. It is known for its luxury, speed, and cutting-edge engineering, with a top speed exceeding 260 mph.','Bugatti'),('Aston Martin DB11',119190.27,'coil-on-plug',3982,'9f17bfa8-aa44-41aa-b08f-3c6101302502','abd6727c-5148-4c7c-8252-40c404059633','dea30080-e827-454c-9b44-23fbd9f796ea','7c171b7d-9b79-4bdd-aade-8c6abedb1eee',2016,3.6,'../static/images/aston_martin_db11.jpg','The Aston Martin DB11 is a grand tourer that debuted in 2016, representing a significant evolution in the brand\'s design and engineering. It is available with two engine options: a 5.2-liter twin-turbocharged V12 producing 630 horsepower and a 4.0-liter twin-turbocharged V8 delivering 503 horsepower. Both engines are paired with an 8-speed automatic transmission, offering a blend of performance and refinement. The DB11\'s interior showcases luxurious materials and advanced technology, ensuring a comfortable and engaging driving experience.','Aston Martin'),('Audi A1',7628.17,'coil-on-plug',999,'7d651926-c178-4614-a0df-d5a6c472ddb4','abd6727c-5148-4c7c-8252-40c404059633','81552096-6bb9-4340-96cd-c1f58ecd334e','7e2e2e9b-0782-42da-b509-fd4a795f093d',2010,5.8,'../static/images/audi_a1.jpg',' The Audi A1 is a premium supermini car that combines compact dimensions with the quality and technology expected from the brand. Introduced in 2010, the A1 offers a range of efficient engines and a well-appointed interior. The high-performance S1 variant features a 2.0-liter turbocharged engine producing 228 horsepower, enabling a 0-60 mph acceleration in approximately 5.8 seconds. The A1\'s design reflects Audi\'s contemporary styling, and its compact size makes it well-suited for urban environments. ​','Audi'),('Audi A3',23838.05,'coil-on-plug',1984,'e9e81084-b7ee-47fa-80e5-0055142d2170','abd6727c-5148-4c7c-8252-40c404059633','81552096-6bb9-4340-96cd-c1f58ecd334e','8137e8c9-f262-4c67-a9f0-cb5102e85f65',1996,6.6,'../static/images/audi_a3.jpg','The Audi A3 is a compact luxury sedan that combines performance, advanced technology, and sophisticated design. The 2025 model features a 2.0-liter turbocharged four-cylinder engine producing 201 horsepower and 221 lb-ft of torque, enabling a 0-60 mph acceleration in approximately 6.6 seconds. The A3 offers a premium interior with high-quality materials, a user-friendly infotainment system, and advanced driver-assistance features. Its sleek exterior design and dynamic driving experience make it a popular choice among compact luxury sedans. ','Audi'),('Aston Martin DBS',178746.29,'coil-on-plug',5204,'71f2877e-9091-4e96-a69e-502071eef23f','abd6727c-5148-4c7c-8252-40c404059633','dea30080-e827-454c-9b44-23fbd9f796ea','87a6ae02-983f-49b5-b45b-c6689f7fa803',2012,4.3,'../static/images/aston_martin_dbs.jpg','The Aston Martin DBS is a grand tourer that has evolved over the years to blend luxury with high performance. The original DBS V12, produced from 2007 to 2012, featured a 5.9-liter V12 engine producing 517 horsepower, enabling a 0-60 mph acceleration in approximately 4.3 seconds. In 2018, Aston Martin introduced the DBS Superleggera, powered by a 5.2-liter twin-turbocharged V12 engine delivering 725 horsepower, achieving 0-60 mph in around 3.4 seconds. Both iterations showcase Aston Martin\'s commitment to craftsmanship, performance, and timeless design.','Aston Martin'),('Audi A7',26514.03,'coil-on-plug',2995,'130d96fb-db1d-43bb-8da8-0106efefde89','abd6727c-5148-4c7c-8252-40c404059633','81552096-6bb9-4340-96cd-c1f58ecd334e','88b846eb-96d1-4dc3-b50a-ef42010fd513',2010,5.2,'../static/images/audi_a7.jpg','The Audi A7 is a luxury Sportback that combines the elegance of a coupe with the functionality of a sedan and the versatility of a hatchback. The 2025 model features a 3.0-liter turbocharged V6 engine producing 335 horsepower and 369 lb-ft of torque, enabling a 0-60 mph acceleration in approximately 5.2 seconds. The A7\'s interior boasts high-quality materials, advanced infotainment systems, and ample cargo space, making it both luxurious and practical. Its exterior design showcases a sleek silhouette with sharp lines, reflecting Audi\'s commitment to sophisticated styling. ','Audi'),('Bentley Continental Flying Spur',119164.19,'coil-on-plug',5998,'e9e81084-b7ee-47fa-80e5-0055142d2170','abd6727c-5148-4c7c-8252-40c404059633','982ef209-f1fb-4f5b-b309-b4f701756df3','8e900380-7dd2-4216-bdbd-89a2472612f4',2005,4.9,'../static/images/bentley_cf_spur.jpg','The Bentley Continental Flying Spur is a luxury four-door sedan that combines classic British craftsmanship with high-performance engineering. Introduced in 2005, it features a 6.0-liter twin-turbocharged W12 engine producing 552 horsepower and 479 lb-ft of torque, enabling a 0-60 mph acceleration in approximately 4.9 seconds and a top speed of 194 mph. The interior showcases premium materials and meticulous attention to detail, offering a comfortable and opulent driving experience. Its exterior design reflects Bentley\'s timeless elegance, making it a standout in the luxury sedan segment. ','Bentley'),('Alfa Romeo Giulia',38727.89,'coil-on-plug',1995,'9f17bfa8-aa44-41aa-b08f-3c6101302502','abd6727c-5148-4c7c-8252-40c404059633','92340e42-e581-4c14-a036-6a8e6cc6ea67','92f395bf-434f-4ce1-a718-f99e4cd32996',2016,5.5,'../static/images/alfa_romeo_giulia.jpg','The Alfa Romeo Giulia is a luxury sports sedan that combines Italian design with dynamic performance. Equipped with a 2.0L turbocharged inline-four engine producing 280 horsepower, it offers an engaging driving experience. The Quadrifoglio variant features a 2.9L twin-turbo V6 engine delivering 505 horsepower, emphasizing high performance. The Giulia\'s interior showcases premium materials and advanced technology, providing both comfort and connectivity.','Alfa Romeo'),('Alfa Romeo GT',14895.34,'coil-on-plug',1747,'ee6895c9-7a41-4ad7-840a-4436198d811a','abd6727c-5148-4c7c-8252-40c404059633','92340e42-e581-4c14-a036-6a8e6cc6ea67','93dae1f6-99ee-4df2-b59e-b2e8a2980d03',2003,8.7,'../static/images/alfa_romeo_gt.jpg','The Alfa Romeo GT is a stylish Italian coupe produced from 2003 to 2010. Designed by Bertone, it combines elegant aesthetics with sporty performance. The GT was available with various engine options, including a 1.8-liter Twin Spark engine producing 140 horsepower and a 3.2-liter V6 engine delivering 240 horsepower. The interior features a driver-focused cockpit with high-quality materials, reflecting Alfa Romeo\'s commitment to blending luxury with performance.','Alfa Romeo'),('Alfa Romeo Junior',26817.2,'Mild Hybrid Electric Vehicle System',0,'61f7b7c8-ae84-492a-9539-447aea0ab72d','1a5029c9-a78c-4f4b-89f1-82d909887884','92340e42-e581-4c14-a036-6a8e6cc6ea67','95e713a0-3bfa-444d-a515-aa5fe9ab7025',2024,5.9,'../static/images/alfa_romeo_junior.jpg',' The Alfa Romeo Junior is a subcompact crossover SUV introduced in 2024, marking Alfa Romeo\'s entry into the compact electric vehicle market. It features a distinctive design inspired by the brand\'s heritage, offering modern aesthetics with classic Italian flair. The Junior is available in both fully electric (Elettrica) and mild-hybrid (Ibrida) versions. The Elettrica variant offers two power outputs: a standard 154 hp motor and a high-performance 277 hp motor in the Veloce trim, achieving 0-60 mph in 5.9 seconds. The Ibrida combines a 1.2-liter three-cylinder petrol engine with a 21 kW electric motor, delivering 134 hp and a 0-60 mph time of 8.9 seconds. The interior boasts premium materials, advanced technology, including a 10.25-inch infotainment system, and features such as massage seats and ambient lighting, providing a luxurious driving experience','Alfa Romeo'),('Abarth 600e',26817.2,'electric motor',0,'6670a2f6-7af5-4c88-ae2a-5b91a13da275','1a5029c9-a78c-4f4b-89f1-82d909887884','b2ca342f-9267-438f-bf7b-861bf87f4c64','9872e067-fbf3-4e1e-af77-5238cb0b05d3',2024,6.2,'../static/images/abarth_600e.jpg','The Abarth 600e is the brand\'s first all-electric performance SUV, combining Abarth\'s signature sporty design with zero-emission driving. Equipped with a 54 kWh battery and a 240 hp (175 kW) electric motor, it offers rapid acceleration and a range suitable for both city commuting and spirited drives. The interior features modern infotainment systems and sporty accents, providing a dynamic driving experience without compromising on comfort.','Abarth'),('BMW 1-Series',26817.2,'coil-on-plug',1499,'7d651926-c178-4614-a0df-d5a6c472ddb4','abd6727c-5148-4c7c-8252-40c404059633','06cdf0c5-38bc-4141-a35e-c43468c64c33','98b3641f-f4e8-4003-8e5a-c14788959e6c',2024,7.8,'../static/images/bmw_1_series.jpg','The BMW 1 Series is a compact luxury hatchback known for its sporty design, efficient performance, and advanced technology. It offers a refined driving experience with a balance of power and practicality.','BMW'),('BMW 330e',32783.41,'coil-on-plug',1998,'e9e81084-b7ee-47fa-80e5-0055142d2170','dca5082a-155f-4c08-a596-2b64978ce9c3','06cdf0c5-38bc-4141-a35e-c43468c64c33','9b7deaa1-9591-4b82-8119-2eb5ed9f2fe2',2024,5.6,'../static/images/bmw_330e.jpg','The BMW 330e is a plug-in hybrid variant of the 3 Series sedan, combining a 2.0-liter turbocharged four-cylinder engine with an electric motor to deliver a combined 288 horsepower. This setup offers the performance expected of a BMW, with the added benefit of improved fuel efficiency and the capability to drive short distances on electric power alone.','BMW'),('Bugatti Veyron',1489977.58,'coil-on-plug',7993,'c4a691b2-f6f5-4474-a143-176d68dc428d','abd6727c-5148-4c7c-8252-40c404059633','263da4b3-915a-4f83-9842-4f13aab93cfe','a85b56c8-3274-4c55-9a9c-a1066fe0de5f',2005,2.5,'../static/images/bugatti_veyron.jpg','The Bugatti Veyron was a revolutionary hypercar featuring an 8.0L quad-turbocharged W16 engine producing up to 1,200 hp in later versions. It was the fastest production car of its time, reaching a top speed of over 250 mph while offering luxurious comfort.','Bugatti'),('Alfa Romeo Stelvio',41719.37,'coil-on-plug',1995,'130d96fb-db1d-43bb-8da8-0106efefde89','abd6727c-5148-4c7c-8252-40c404059633','92340e42-e581-4c14-a036-6a8e6cc6ea67','ab49455d-c400-45ea-a3d9-4ec36d30ed68',2017,5.4,'../static/images/alfa_romeo_stelvio.jpg','The Alfa Romeo Stelvio is a luxury compact SUV that combines Italian design with dynamic performance. Equipped with a 2.0L turbocharged inline-four engine producing 280 horsepower, it offers an engaging driving experience. The Quadrifoglio variant features a 2.9L twin-turbo V6 engine delivering 505 horsepower, emphasizing high performance. The Stelvio\'s interior showcases premium materials and advanced technology, providing both comfort and connectivity.','Alfa Romeo'),('Alpine A290',29800.25,'electric motor',0,'130d96fb-db1d-43bb-8da8-0106efefde89','abd6727c-5148-4c7c-8252-40c404059633','0228e5aa-4f2b-4aac-a849-8b458865cc5d','b640eb72-a4be-4356-93e9-6ef4c0aca478',2024,7.4,'../static/images/alpine a290\r.jpg',' The Alpine A290 is an all-electric hot hatch introduced in 2024, marking Alpine\'s entry into the electric vehicle market. Based on the Renault 5 platform, the A290 features a 52 kWh battery powering a front-mounted electric motor that delivers 180 horsepower and 285 Nm of torque. This setup enables a 0-62 mph acceleration in approximately 7.4 seconds. The A290\'s design pays homage to Alpine\'s rally heritage, showcasing aggressive yet refined styling cues. Inside, the cabin offers a blend of sportiness and luxury, equipped with advanced technology including a 10.1-inch Alpine Portal infotainment system with Google integration and an optional Devialet premium audio system. The vehicle supports 11 kW AC standard charging and 100 kW DC rapid charging, providing flexibility for various charging needs. With a starting price of around £33,500, the Alpine A290 combines performance, style, and modern electric mobility.','Alpine'),('Audi A8',35760.3,'coil-on-plug',2995,'130d96fb-db1d-43bb-8da8-0106efefde89','abd6727c-5148-4c7c-8252-40c404059633','81552096-6bb9-4340-96cd-c1f58ecd334e','c08b8021-fe3a-4669-b382-14e6cd8a3c80',2025,5.6,'../static/images/audi_a8.jpg','The Audi A8 is a full-size luxury sedan that exemplifies sophistication, performance, and advanced technology. The 2025 model features a 3.0-liter turbocharged V6 engine producing 335 horsepower and 369 lb-ft of torque, enabling a 0-60 mph acceleration in approximately 5.6 seconds. The A8\'s interior offers exceptional comfort with premium materials, cutting-edge infotainment systems, and comprehensive driver-assistance features. Its exterior design showcases a commanding presence with sleek lines, reflecting Audi\'s commitment to luxury and style. ','Audi'),('BYD Atto 3',71548.28,'electric motor',0,'61f7b7c8-ae84-492a-9539-447aea0ab72d','1a5029c9-a78c-4f4b-89f1-82d909887884','49632c36-bc09-4623-88e1-878b80116959','c7ac9d79-a57a-4adb-85d7-09d2d1eae8e5',2022,7.3,'../static/images/byd_atto_3.jpg','The BYD Atto 3 is a compact electric crossover SUV featuring a permanent magnet synchronous motor with a power output of 150 kW. It offers two battery options: a 49.92 kWh unit and a 60.48 kWh unit, both utilizing BYD\'s Blade LFP technology. The vehicle supports AC charging up to 11 kW and DC fast charging up to 88 kW. Designed with a modern aesthetic and equipped with advanced features, the Atto 3 has received a 5-star safety rating from Euro NCAP and has been recognized with several awards, including the 2022 New Zealand Car of the Year. ','BYD'),('Alfa Romeo Tonale',38755.32,'coil-on-plug',1469,'130d96fb-db1d-43bb-8da8-0106efefde89','dca5082a-155f-4c08-a596-2b64978ce9c3','92340e42-e581-4c14-a036-6a8e6cc6ea67','d22334b9-ea38-4ddd-86ff-b0666568e242',2023,6,'../static/images/alfa_romeo_tonale.jpg',' The Alfa Romeo Tonale is a compact luxury crossover SUV that marks the brand\'s entry into the electrified vehicle segment. Available with a plug-in hybrid powertrain, it combines a 1.3-liter turbocharged four-cylinder engine with an electric motor, delivering a combined 272 horsepower. The Tonale offers an electric-only range of approximately 33 miles, providing both efficiency and performance. Its interior features premium materials and advanced technology, including a customizable 12.3-inch digital instrument cluster and a 10.25-inch touchscreen infotainment system. The Tonale\'s design reflects Alfa Romeo\'s Italian heritage, with sleek lines and the iconic V-shaped grille.','Alfa Romeo'),('Alfa Romeo 147',8943.53,'coil-on-plug',1598,'7d651926-c178-4614-a0df-d5a6c472ddb4','abd6727c-5148-4c7c-8252-40c404059633','92340e42-e581-4c14-a036-6a8e6cc6ea67','d960a4d5-7571-431b-89e4-91f74dffaf52',2000,6.3,'../static/images/alfa_romeo_147.jpg','The Alfa Romeo 147 is a compact luxury hatchback that combines Italian styling with engaging driving dynamics. Available in various trims, including the high-performance 147 GTA equipped with a 3.2-liter V6 engine producing 250 horsepower, it offers a spirited driving experience. The 147\'s design and performance have made it a sought-after model among enthusiasts. ','Alfa Romeo'),('Bentley Continental GT',199888.02,'coil-on-plug',3996,'ee6895c9-7a41-4ad7-840a-4436198d811a','abd6727c-5148-4c7c-8252-40c404059633','982ef209-f1fb-4f5b-b309-b4f701756df3','e0704b58-5936-4687-831b-b6ca7ceb8543',2003,2.8,'../static/images/bentley_continental_gt.jpg','The Bentley Continental GT is a luxury grand tourer that seamlessly blends performance with opulence. Since its debut in 2003, it has evolved through multiple generations, each enhancing its engineering and design. ','Bentley'),('Aston Martin DB12',208623.98,'coil-on-plug',3982,'9f17bfa8-aa44-41aa-b08f-3c6101302502','abd6727c-5148-4c7c-8252-40c404059633','dea30080-e827-454c-9b44-23fbd9f796ea','e7891d77-704a-4223-a544-39a1d360924b',2025,3.6,'../static/images/aston_martin_db12.jpg',' The Aston Martin DB12, introduced in 2025, represents a significant evolution in the brand\'s lineup, earning the title of the world\'s first \"Super Tourer.\" It is powered by a 4.0-liter twin-turbocharged V8 engine, delivering 680 PS (approximately 671 horsepower) and 800 Nm of torque, allowing the DB12 to accelerate from 0 to 60 mph in about 3.6 seconds and reach a top speed of 202 mph (325 km/h). \nHOME\n The vehicle features an extruded bonded aluminum body structure with composite panels, enhancing both strength and weight efficiency. The interior is meticulously crafted, offering a blend of luxury and advanced technology, including a state-of-the-art infotainment system. The DB12\'s design showcases Aston Martin\'s commitment to elegance and performance, with a striking exterior and aerodynamic enhancements. ','Aston Martin'),('Abarth Punto Evo',16689.91,'coil-on-plug',1368,'7d651926-c178-4614-a0df-d5a6c472ddb4','abd6727c-5148-4c7c-8252-40c404059633','b2ca342f-9267-438f-bf7b-861bf87f4c64','ef50094c-f0e0-4d98-8c59-49a2a176d004',2010,7.6,'../static/images/abarth_punto_evo.jpg','The Abarth Punto Evo is a performance-enhanced version of the Fiat Punto, developed by Abarth to offer a sporty driving experience. It features a turbocharged 1.4-liter MultiAir engine producing 162 horsepower, sport-tuned suspension, and distinctive Abarth styling elements, providing a dynamic yet practical ride.','Abarth'),('Bentley Arnage',119229.66,'coil-on-plug',6750,'130d96fb-db1d-43bb-8da8-0106efefde89','abd6727c-5148-4c7c-8252-40c404059633','982ef209-f1fb-4f5b-b309-b4f701756df3','f1ccf1c4-6c14-4b35-bd7d-cf6b0f0569c3',1998,5.5,'../static/images/bentley_arnage.jpg','The Bentley Arnage is a full-size luxury sedan produced from 1998 to 2010. Initially powered by a 4.4-liter BMW V8 engine, it later transitioned to Bentley\'s traditional 6.75-liter V8, offering enhanced performance. The Arnage T variant, introduced in 2002, featured twin turbochargers, producing 507 horsepower and achieving 0-60 mph in approximately 5.5 seconds. Renowned for its handcrafted interior, the Arnage combined classic British luxury with modern engineering, solidifying its status as a distinguished vehicle in the luxury car segment.','Bentley'),('Alpine A110',47691.86,'coil-on-plug',1798,'9f17bfa8-aa44-41aa-b08f-3c6101302502','abd6727c-5148-4c7c-8252-40c404059633','0228e5aa-4f2b-4aac-a849-8b458865cc5d','f4b2b027-d0db-4185-8cec-386ad1e76d8c',2017,4.2,'../static/images/alpine_a110.jpg','The Alpine A110 is a lightweight sports coupe that pays homage to the original A110 \"Berlinette\" from the 1960s and 70s. Featuring a mid-mounted 1.8-liter turbocharged inline-four engine, it delivers between 252 and 300 horsepower, depending on the variant. The A110\'s lightweight construction, weighing approximately 1,109 kg, contributes to its agile handling and impressive performance. The interior blends modern technology with minimalist design, focusing on the driving experience. With its precise steering and balanced chassis, the A110 offers an engaging ride reminiscent of classic European sports cars.','Alpine'),('Alfa Romeo 4C',59620.46,'coil-on-plug',1742,'9f17bfa8-aa44-41aa-b08f-3c6101302502','abd6727c-5148-4c7c-8252-40c404059633','92340e42-e581-4c14-a036-6a8e6cc6ea67','f86e6f16-0671-49f2-9181-ede36001dac3',2013,4.3,'../static/images/alfa_romeo_4c.jpg','The Alfa Romeo 4C is a lightweight, mid-engine sports car that embodies the brand\'s racing heritage and Italian design. Featuring a carbon-fiber monocoque chassis and aluminum subframes, the 4C achieves a low curb weight of approximately 2,465 pounds. Its 1.75-liter turbocharged inline-four engine produces 240 horsepower, enabling rapid acceleration and agile handling. With a focus on driver engagement, the 4C forgoes power steering, offering a pure and responsive driving experience.','Alfa Romeo');
/*!40000 ALTER TABLE `models` ENABLE KEYS */;
UNLOCK TABLES;
/*!40103 SET TIME_ZONE=@OLD_TIME_ZONE */;

/*!40101 SET SQL_MODE=@OLD_SQL_MODE */;
/*!40014 SET FOREIGN_KEY_CHECKS=@OLD_FOREIGN_KEY_CHECKS */;
/*!40014 SET UNIQUE_CHECKS=@OLD_UNIQUE_CHECKS */;
/*!40101 SET CHARACTER_SET_CLIENT=@OLD_CHARACTER_SET_CLIENT */;
/*!40101 SET CHARACTER_SET_RESULTS=@OLD_CHARACTER_SET_RESULTS */;
/*!40101 SET COLLATION_CONNECTION=@OLD_COLLATION_CONNECTION */;
/*!40111 SET SQL_NOTES=@OLD_SQL_NOTES */;

-- Dump completed on 2025-03-21 18:11:45
